{"client_meta":{"background_color":{"r":0.8941176533699036,"g":0.929411768913269,"b":0.9725490212440491,"a":1},"thumbnail_size":{"width":400,"height":291},"render_coordinates":{"x":199,"y":-824,"width":3199,"height":2326}},"file_name":"Classic Playing Cards (Community)","developer_related_links":[],"exported_at":"2026-06-01T04:25:44.640Z"}